<?xml version="1.0" encoding="UTF-8"?>
<MCConfiguration>
    <pwm_mode>1</pwm_mode>
    <comm_mode>0</comm_mode>
    <motor_type>0</motor_type>
    <sensor_mode>0</sensor_mode>
    <l_current_max>60</l_current_max>
    <l_current_min>-60</l_current_min>
    <l_in_current_max>60</l_in_current_max>
    <l_in_current_min>-20</l_in_current_min>
    <l_abs_current_max>130</l_abs_current_max>
    <l_min_erpm>-100000</l_min_erpm>
    <l_max_erpm>100000</l_max_erpm>
    <l_max_erpm_fbrake>300</l_max_erpm_fbrake>
    <l_max_erpm_fbrake_cc>1500</l_max_erpm_fbrake_cc>
    <l_min_vin>8</l_min_vin>
    <l_max_vin>57</l_max_vin>
    <l_battery_cut_start>10</l_battery_cut_start>
    <l_battery_cut_end>8</l_battery_cut_end>
    <l_slow_abs_current>1</l_slow_abs_current>
    <l_rpm_lim_neg_torque>1</l_rpm_lim_neg_torque>
    <l_temp_fet_start>80</l_temp_fet_start>
    <l_temp_fet_end>100</l_temp_fet_end>
    <l_temp_motor_start>80</l_temp_motor_start>
    <l_temp_motor_end>100</l_temp_motor_end>
    <l_min_duty>0.005</l_min_duty>
    <l_max_duty>0.95</l_max_duty>
    <sl_min_erpm>150</sl_min_erpm>
    <sl_min_erpm_cycle_int_limit>1100</sl_min_erpm_cycle_int_limit>
    <sl_max_fullbreak_current_dir_change>10</sl_max_fullbreak_current_dir_change>
    <sl_cycle_int_limit>62</sl_cycle_int_limit>
    <sl_cycle_int_limit_high_fac>0.8</sl_cycle_int_limit_high_fac>
    <sl_cycle_int_rpm_br>80000</sl_cycle_int_rpm_br>
    <sl_bemf_coupling_k>600</sl_bemf_coupling_k>
    <hall_table_0>-1</hall_table_0>
    <hall_table_1>1</hall_table_1>
    <hall_table_2>3</hall_table_2>
    <hall_table_3>2</hall_table_3>
    <hall_table_4>5</hall_table_4>
    <hall_table_5>6</hall_table_5>
    <hall_table_6>4</hall_table_6>
    <hall_table_7>-1</hall_table_7>
    <hall_sl_erpm>2000</hall_sl_erpm>
    <foc_current_kp>0.03</foc_current_kp>
    <foc_current_ki>50</foc_current_ki>
    <foc_f_sw>20000</foc_f_sw>
    <foc_dt_us>0.08</foc_dt_us>
    <foc_encoder_inverted>0</foc_encoder_inverted>
    <foc_encoder_offset>180</foc_encoder_offset>
    <foc_encoder_ratio>7</foc_encoder_ratio>
    <foc_sensor_mode>0</foc_sensor_mode>
    <foc_pll_kp>2000</foc_pll_kp>
    <foc_pll_ki>20000</foc_pll_ki>
    <foc_motor_l>7e-06</foc_motor_l>
    <foc_motor_r>0.015</foc_motor_r>
    <foc_motor_flux_linkage>0.00245</foc_motor_flux_linkage>
    <foc_observer_gain>9e+07</foc_observer_gain>
    <foc_duty_dowmramp_kp>10</foc_duty_dowmramp_kp>
    <foc_duty_dowmramp_ki>200</foc_duty_dowmramp_ki>
    <foc_openloop_rpm>1200</foc_openloop_rpm>
    <foc_sl_openloop_hyst>0.5</foc_sl_openloop_hyst>
    <foc_sl_openloop_time>0.5</foc_sl_openloop_time>
    <foc_sl_d_current_duty>0</foc_sl_d_current_duty>
    <foc_sl_d_current_factor>0</foc_sl_d_current_factor>
    <foc_hall_table_0>255</foc_hall_table_0>
    <foc_hall_table_1>255</foc_hall_table_1>
    <foc_hall_table_2>255</foc_hall_table_2>
    <foc_hall_table_3>255</foc_hall_table_3>
    <foc_hall_table_4>255</foc_hall_table_4>
    <foc_hall_table_5>255</foc_hall_table_5>
    <foc_hall_table_6>255</foc_hall_table_6>
    <foc_hall_table_7>255</foc_hall_table_7>
    <foc_sl_erpm>2500</foc_sl_erpm>
    <s_pid_kp>0.0001</s_pid_kp>
    <s_pid_ki>0.015</s_pid_ki>
    <s_pid_kd>0</s_pid_kd>
    <s_pid_min_rpm>50</s_pid_min_rpm>
    <p_pid_kp>0.03</p_pid_kp>
    <p_pid_ki>0</p_pid_ki>
    <p_pid_kd>0.0004</p_pid_kd>
    <p_pid_ang_div>1</p_pid_ang_div>
    <cc_startup_boost_duty>0.01</cc_startup_boost_duty>
    <cc_min_current>1</cc_min_current>
    <cc_gain>0.0046</cc_gain>
    <cc_ramp_step_max>40</cc_ramp_step_max>
    <m_fault_stop_time_ms>3000</m_fault_stop_time_ms>
    <m_duty_ramp_step>0.02</m_duty_ramp_step>
    <m_duty_ramp_step_rpm_lim>0.0005</m_duty_ramp_step_rpm_lim>
    <m_current_backoff_gain>0.5</m_current_backoff_gain>
    <m_encoder_counts>8192</m_encoder_counts>
    <m_sensor_port_mode>0</m_sensor_port_mode>
    <meta_description>&lt;!DOCTYPE HTML PUBLIC &quot;-//W3C//DTD HTML 4.0//EN&quot; &quot;http://www.w3.org/TR/REC-html40/strict.dtd&quot;&gt;
&lt;html&gt;&lt;head&gt;&lt;meta name=&quot;qrichtext&quot; content=&quot;1&quot; /&gt;&lt;style type=&quot;text/css&quot;&gt;
p, li { white-space: pre-wrap; }
&lt;/style&gt;&lt;/head&gt;&lt;body style=&quot; font-family:'Ubuntu'; font-size:11pt; font-weight:400; font-style:normal;&quot;&gt;
&lt;p style=&quot; margin-top:0px; margin-bottom:0px; margin-left:0px; margin-right:0px; -qt-block-indent:0; text-indent:0px;&quot;&gt;Configuration loaded from the motor controller.&lt;/p&gt;&lt;/body&gt;&lt;/html&gt;</meta_description>
</MCConfiguration>
